{"root":[{"assemblyName":"Assembly-CSharp-firstpass","nameSpace":"FishNet.Runtime","className":"GeneratedWriters___FN","methodName":"InitializeOnce","loadTypes":0,"isUnityClass":false},{"assemblyName":"Assembly-CSharp-firstpass","nameSpace":"FishNet.Runtime","className":"GeneratedReaders___FN","methodName":"InitializeOnce","loadTypes":0,"isUnityClass":false},{"assemblyName":"Assembly-CSharp","nameSpace":"FishNet.Runtime","className":"GeneratedWriters___FN","methodName":"InitializeOnce","loadTypes":0,"isUnityClass":false},{"assemblyName":"Assembly-CSharp","nameSpace":"FishNet.Runtime","className":"GeneratedReaders___FN","methodName":"InitializeOnce","loadTypes":0,"isUnityClass":false},{"assemblyName":"Unity.InputSystem","nameSpace":"UnityEngine.InputSystem","className":"InputSystem","methodName":"RunInitializeInPlayer","loadTypes":4,"isUnityClass":true},{"assemblyName":"Unity.InputSystem","nameSpace":"UnityEngine.InputSystem","className":"InputSystem","methodName":"RunInitialUpdate","loadTypes":1,"isUnityClass":true},{"assemblyName":"Xsolla.ThirdParty","nameSpace":"","className":"SteamManager","methodName":"InitOnPlayMode","loadTypes":4,"isUnityClass":false},{"assemblyName":"Unity.Collections","nameSpace":"","className":"$BurstDirectCallInitializer","methodName":"Initialize","loadTypes":2,"isUnityClass":true},{"assemblyName":"FishNet.Example","nameSpace":"FishNet.Runtime","className":"GeneratedWriters___FN","methodName":"InitializeOnce","loadTypes":0,"isUnityClass":false},{"assemblyName":"FishNet.Example","nameSpace":"FishNet.Runtime","className":"GeneratedReaders___FN","methodName":"InitializeOnce","loadTypes":0,"isUnityClass":false},{"assemblyName":"Unity.2D.Animation.Runtime","nameSpace":"","className":"$BurstDirectCallInitializer","methodName":"Initialize","loadTypes":2,"isUnityClass":true},{"assemblyName":"FishNet.Generated","nameSpace":"FishNet.Runtime","className":"ScenedReadersAndWriters","methodName":"InitializeOnce","loadTypes":0,"isUnityClass":false},{"assemblyName":"FishNet.Generated","nameSpace":"FishNet.Runtime","className":"GeneratedWriters___FN","methodName":"InitializeOnce","loadTypes":0,"isUnityClass":false},{"assemblyName":"FishNet.Generated","nameSpace":"FishNet.Runtime","className":"GeneratedReaders___FN","methodName":"InitializeOnce","loadTypes":0,"isUnityClass":false}]}
