<linker>
  <assembly fullname="CoreAssembly, Version=0.0.0.0, Culture=neutral, PublicKeyToken=null">
    <type fullname="JBS.Core.ActivatePrefabOnStart" preserve="all" />
    <type fullname="JBS.Core.ButtonExitGame" preserve="all" />
    <type fullname="JBS.Core.ButtonLoadScene" preserve="all" />
    <type fullname="JBS.Core.ButtonWebLink" preserve="all" />
    <type fullname="JBS.Core.ClickToActivatePrefab" preserve="all" />
    <type fullname="JBS.Core.ClickToDeactivatePrefab" preserve="all" />
    <type fullname="JBS.Core.DeactivatePrefabOnStart" preserve="all" />
    <type fullname="JBS.Core.SetAudioMixerVolume" preserve="all" />
    <type fullname="JBS.Core.SetAudioMixerVolumeButtonToggle" preserve="all" />
    <type fullname="JBS.Core.TapToDeactivatePrefab" preserve="all" />
    <type fullname="TMProUGUIHyperlinks" preserve="all" />
  </assembly>
  <assembly fullname="Game, Version=0.0.0.0, Culture=neutral, PublicKeyToken=null">
    <type fullname="JBS.Game.ButtonTimeWarpConfirm" preserve="all" />
    <type fullname="JBS.Game.CanvasWeaponLockedCheck" preserve="all" />
    <type fullname="JBS.Game.DeleteUserData" preserve="all" />
    <type fullname="JBS.Game.MTXConfirmItemDescriptionDisplay" preserve="all" />
    <type fullname="JBS.Game.MTXPurchaseAttempt" preserve="all" />
    <type fullname="JBS.Game.MTXStoreDisplayItemDescription" preserve="all" />
    <type fullname="JBS.Game.MTXStoreDisplayItemName" preserve="all" />
    <type fullname="JBS.Game.MTXStoreDisplayItemQuantityToGive" preserve="all" />
    <type fullname="JBS.Game.MTXStoreSaveItemCurrencyExchange" preserve="all" />
    <type fullname="JBS.Game.TimeWarpRewardValueDisplay" preserve="all" />
    <type fullname="JBS.Game.WeaponCooldownBarDisplay" preserve="all" />
    <type fullname="JBS.Game.WeaponCooldownValueDisplay" preserve="all" />
    <type fullname="JBS.Game.WeaponDamageValueDisplay" preserve="all" />
    <type fullname="JBS.Game.WeaponLevelValueDisplay" preserve="all" />
    <type fullname="JBS.Game.WeaponNameDisplay" preserve="all" />
    <type fullname="JBS.Game.WeaponUnlockButtonChecker" preserve="all" />
    <type fullname="JBS.Game.WeaponUpgradeButtonCostCheck" preserve="all" />
    <type fullname="JBS.Game.WeaponUpgradeCostValueDisplay" preserve="all" />
    <type fullname="JBS.Game.WeaponUpgradeDamageValueDisplay" preserve="all" />
    <type fullname="ToggleTargetFPS" preserve="all" />
  </assembly>
  <assembly fullname="Unity.Addressables, Version=0.0.0.0, Culture=neutral, PublicKeyToken=null" preserve="all">
    <type fullname="UnityEngine.AddressableAssets.Addressables" preserve="all" />
  </assembly>
  <assembly fullname="Unity.ResourceManager, Version=0.0.0.0, Culture=neutral, PublicKeyToken=null" preserve="all">
    <type fullname="UnityEngine.ResourceManagement.ResourceProviders.AssetBundleProvider" preserve="all" />
    <type fullname="UnityEngine.ResourceManagement.ResourceProviders.BundledAssetProvider" preserve="all" />
    <type fullname="UnityEngine.ResourceManagement.ResourceProviders.InstanceProvider" preserve="all" />
    <type fullname="UnityEngine.ResourceManagement.ResourceProviders.LegacyResourcesProvider" preserve="all" />
    <type fullname="UnityEngine.ResourceManagement.ResourceProviders.SceneProvider" preserve="all" />
  </assembly>
  <assembly fullname="Unity.TextMeshPro, Version=0.0.0.0, Culture=neutral, PublicKeyToken=null">
    <type fullname="TMPro.TextMeshProUGUI" preserve="all" />
    <type fullname="TMPro.TMP_FontAsset" preserve="all" />
    <type fullname="TMPro.FaceInfo_Legacy" preserve="nothing" serialized="true" />
    <type fullname="TMPro.FontAssetCreationSettings" preserve="nothing" serialized="true" />
    <type fullname="TMPro.KerningTable" preserve="nothing" serialized="true" />
    <type fullname="TMPro.TMP_Character" preserve="nothing" serialized="true" />
    <type fullname="TMPro.TMP_FontFeatureTable" preserve="nothing" serialized="true" />
    <type fullname="TMPro.TMP_FontWeightPair" preserve="nothing" serialized="true" />
    <type fullname="TMPro.TMP_GlyphAdjustmentRecord" preserve="nothing" serialized="true" />
    <type fullname="TMPro.TMP_GlyphPairAdjustmentRecord" preserve="nothing" serialized="true" />
    <type fullname="TMPro.TMP_GlyphValueRecord" preserve="nothing" serialized="true" />
    <type fullname="TMPro.VertexGradient" preserve="nothing" serialized="true" />
  </assembly>
  <assembly fullname="UnityEditor.CoreModule, Version=0.0.0.0, Culture=neutral, PublicKeyToken=null">
    <type fullname="UnityEditor.Audio.AudioMixerSnapshotController" preserve="all" />
  </assembly>
  <assembly fullname="UnityEngine.AudioModule, Version=0.0.0.0, Culture=neutral, PublicKeyToken=null">
    <type fullname="UnityEngine.Audio.AudioMixer" preserve="all" />
    <type fullname="UnityEngine.Audio.AudioMixerGroup" preserve="all" />
    <type fullname="UnityEngine.AudioListener" preserve="all" />
  </assembly>
  <assembly fullname="UnityEngine.CoreModule, Version=0.0.0.0, Culture=neutral, PublicKeyToken=null">
    <type fullname="UnityEngine.Camera" preserve="all" />
    <type fullname="UnityEngine.GameObject" preserve="all" />
    <type fullname="UnityEngine.LightmapSettings" preserve="all" />
    <type fullname="UnityEngine.Material" preserve="all" />
    <type fullname="UnityEngine.Object" preserve="all" />
    <type fullname="UnityEngine.RectTransform" preserve="all" />
    <type fullname="UnityEngine.RenderSettings" preserve="all" />
    <type fullname="UnityEngine.Shader" preserve="all" />
    <type fullname="UnityEngine.Sprite" preserve="all" />
    <type fullname="UnityEngine.Texture2D" preserve="all" />
    <type fullname="UnityEngine.Transform" preserve="all" />
    <type fullname="UnityEngine.Events.ArgumentCache" preserve="nothing" serialized="true" />
    <type fullname="UnityEngine.Events.PersistentCallGroup" preserve="nothing" serialized="true" />
    <type fullname="UnityEngine.Events.PersistentListenerMode" preserve="nothing" serialized="true" />
    <type fullname="UnityEngine.RectOffset" preserve="nothing" serialized="true" />
  </assembly>
  <assembly fullname="UnityEngine.TextRenderingModule, Version=0.0.0.0, Culture=neutral, PublicKeyToken=null">
    <type fullname="UnityEngine.Font" preserve="all" />
  </assembly>
  <assembly fullname="UnityEngine.UI, Version=1.0.0.0, Culture=neutral, PublicKeyToken=null">
    <type fullname="UnityEngine.EventSystems.EventSystem" preserve="all" />
    <type fullname="UnityEngine.EventSystems.EventTrigger" preserve="all" />
    <type fullname="UnityEngine.EventSystems.StandaloneInputModule" preserve="all" />
    <type fullname="UnityEngine.UI.Button" preserve="all" />
    <type fullname="UnityEngine.UI.CanvasScaler" preserve="all" />
    <type fullname="UnityEngine.UI.GraphicRaycaster" preserve="all" />
    <type fullname="UnityEngine.UI.Image" preserve="all" />
    <type fullname="UnityEngine.UI.Mask" preserve="all" />
    <type fullname="UnityEngine.UI.Scrollbar" preserve="all" />
    <type fullname="UnityEngine.UI.ScrollRect" preserve="all" />
    <type fullname="UnityEngine.UI.Slider" preserve="all" />
    <type fullname="UnityEngine.UI.Toggle" preserve="all" />
    <type fullname="UnityEngine.UI.ToggleGroup" preserve="all" />
    <type fullname="UnityEngine.UI.VerticalLayoutGroup" preserve="all" />
    <type fullname="UnityEngine.EventSystems.EventTrigger/Entry" preserve="nothing" serialized="true" />
    <type fullname="UnityEngine.EventSystems.EventTrigger/TriggerEvent" preserve="nothing" serialized="true" />
    <type fullname="UnityEngine.UI.AnimationTriggers" preserve="nothing" serialized="true" />
    <type fullname="UnityEngine.UI.Button/ButtonClickedEvent" preserve="nothing" serialized="true" />
    <type fullname="UnityEngine.UI.ColorBlock" preserve="nothing" serialized="true" />
    <type fullname="UnityEngine.UI.MaskableGraphic/CullStateChangedEvent" preserve="nothing" serialized="true" />
    <type fullname="UnityEngine.UI.Navigation" preserve="nothing" serialized="true" />
    <type fullname="UnityEngine.UI.ScrollRect/ScrollRectEvent" preserve="nothing" serialized="true" />
    <type fullname="UnityEngine.UI.Scrollbar/ScrollEvent" preserve="nothing" serialized="true" />
    <type fullname="UnityEngine.UI.Slider/SliderEvent" preserve="nothing" serialized="true" />
    <type fullname="UnityEngine.UI.SpriteState" preserve="nothing" serialized="true" />
    <type fullname="UnityEngine.UI.Toggle/ToggleEvent" preserve="nothing" serialized="true" />
  </assembly>
  <assembly fullname="UnityEngine.UIModule, Version=0.0.0.0, Culture=neutral, PublicKeyToken=null">
    <type fullname="UnityEngine.Canvas" preserve="all" />
    <type fullname="UnityEngine.CanvasRenderer" preserve="all" />
  </assembly>
  <assembly fullname="UnityEngine.TextCoreFontEngineModule">
    <type fullname="UnityEngine.TextCore.FaceInfo" preserve="nothing" serialized="true" />
    <type fullname="UnityEngine.TextCore.Glyph" preserve="nothing" serialized="true" />
    <type fullname="UnityEngine.TextCore.GlyphMetrics" preserve="nothing" serialized="true" />
    <type fullname="UnityEngine.TextCore.GlyphRect" preserve="nothing" serialized="true" />
  </assembly>
</linker>